{"temps": [0.688, 0.807, 0.466, 0.358, 0.88, 0.695, 0.344, 0.189, 0.58, 0.299, 0.13, 0.96, 0.543, 0.054, 0.406, 0.438, 0.346, 0.014, 0.432, 0.057], "U": [0.010406351237999273, 0.002760102437434816, 0.04023696924555375, 0.13694020834427317, 0.003873923313733559, 0.00602145411612653, 0.12379266450343698, 0.47263928657278076, 0.015991564284572806, 0.19272356493459675, 0.796017534806767, 0.0013487207528875226, 0.02335853824349037, 1.3244500645830972, 0.1130648437745808, 0.07154556758519222, 0.1580466919889204, 1.7930421202626083, 0.0776887414861528, 1.2209348163864047], "log(U)": [-4.565338963272235, -5.892487484929209, -3.212969072986518, -1.9882108838629409, -5.553487509305918, -5.112426501299991, -2.089147173286536, -0.7494227890918931, -4.135693927992331, -1.6464984228464163, -0.22813406472866393, -6.6085987262331445, -3.756792698173069, 0.28099732768525926, -2.1797937861391667, -2.637420723393432, -1.844864770695067, 0.5839136858488084, -2.555044929325262, 0.19961680827059466], "datalog": [[0, 0.6729444732424258], [0.688, -4.565338963272235], [0.807, -5.892487484929209], [0.466, -3.212969072986518], [0.358, -1.9882108838629409], [0.88, -5.553487509305918], [0.695, -5.112426501299991], [0.344, -2.089147173286536], [0.189, -0.7494227890918931], [0.58, -4.135693927992331], [0.299, -1.6464984228464163], [0.13, -0.22813406472866393], [0.96, -6.6085987262331445], [0.543, -3.756792698173069], [0.054, 0.28099732768525926], [0.406, -2.1797937861391667], [0.438, -2.637420723393432], [0.346, -1.844864770695067], [0.014, 0.5839136858488084], [0.432, -2.555044929325262], [0.057, 0.19961680827059466]], "titre": "Tension d\u00e9charge condensateur (V)"}